{"count":1,"self":6.096354,"total":22.193268,"children":{"InitializeActuators":{"count":2,"self":0.0029479999999999997,"total":0.0029479999999999997,"children":null},"InitializeSensors":{"count":2,"self":0.0033469999999999997,"total":0.0033469999999999997,"children":null},"AgentSendState":{"count":1067,"self":0.051088999999999996,"total":0.091229999999999992,"children":{"CollectObservations":{"count":428,"self":0.007858,"total":0.007858,"children":null},"WriteActionMask":{"count":428,"self":0.006933,"total":0.006933,"children":null},"RequestDecision":{"count":428,"self":0.025349999999999998,"total":0.025349999999999998,"children":null}}},"DecideAction":{"count":1067,"self":13.7679152,"total":15.900208999999998,"children":{"RayPerceptionSensor.Perceive":{"count":428,"self":0.22977899999999998,"total":0.22977899999999998,"children":null},"CameraSensor.WriteToTensor":{"count":428,"self":1.902515,"total":1.902515,"children":null}}},"AgentAct":{"count":1067,"self":0.097471999999999989,"total":0.097471999999999989,"children":null}},"gauges":{"MoveToGoal.CumulativeReward":{"count":16,"max":9.970044,"min":-10.9864874,"runningAverage":-0.283022851,"value":-10.1171093,"weightedAverage":-1.5273118}},"metadata":{"timer_format_version":"0.1.0","start_time_seconds":"1622537736","unity_version":"2019.4.15f1","command_line_arguments":"\/Applications\/Unity\/2019.4.15f1\/Unity.app\/Contents\/MacOS\/Unity -projectpath \/Users\/alecfilios\/Documents\/UOI\/Thesis\/projects\/Arena -useHub -hubIPC -cloudEnvironment production -hubSessionId d269bdf0-c2b0-11eb-af6a-eb7e4722a7fc -accessToken VPqtnNSKjs-SPpIx6KvLavsFC2OoWgKRbLbe4AP4iwg012f","communication_protocol_version":"1.4.0","com.unity.ml-agents_version":"1.8.1-preview","scene_name":"SampleScene","end_time_seconds":"1622537758"}}