{"cameraMode":{"drawMode":0,"name":"Shaded","section":"Shading Mode"},"sceneLighting":false,"audioPlay":false,"sceneViewState":{"showFog":true,"showMaterialUpdate":true,"showSkybox":false,"showFlares":true,"showImageEffects":true,"showParticleSystems":true},"in2DMode":false,"pivot":{"x":9.279275894165039,"y":2.389329433441162,"z":-0.8227276802062988},"rotation":{"x":-0.1673269122838974,"y":-0.5271637439727783,"z":0.10675717145204544,"w":-0.8262577056884766},"size":1.9294121265411378,"orthographic":false}