{"cameraMode":{"drawMode":0,"name":"Shaded","section":"Shading Mode"},"sceneLighting":true,"audioPlay":false,"sceneViewState":{"showFog":false,"showMaterialUpdate":false,"showSkybox":false,"showFlares":false,"showImageEffects":false,"showParticleSystems":false},"in2DMode":false,"pivot":{"x":-0.3437004089355469,"y":16.54610824584961,"z":-2.2303619384765627},"rotation":{"x":0.017131557688117029,"y":-0.9650080800056458,"z":0.06523633748292923,"w":0.2534055709838867},"size":31.74315643310547,"orthographic":false}