{"cameraMode":{"drawMode":0,"name":"Shaded","section":"Shading Mode"},"sceneLighting":false,"audioPlay":false,"sceneViewState":{"showFog":true,"showMaterialUpdate":true,"showSkybox":false,"showFlares":true,"showImageEffects":true,"showParticleSystems":true},"in2DMode":false,"pivot":{"x":2.063751220703125,"y":2.0952224731445314,"z":-17.7227783203125},"rotation":{"x":-0.040727660059928897,"y":0.9580472707748413,"z":-0.1743358075618744,"w":-0.22381503880023957},"size":34.14934539794922,"orthographic":false}