{"cameraMode":{"drawMode":0,"name":"Shaded","section":"Shading Mode"},"sceneLighting":true,"audioPlay":false,"sceneViewState":{"showFog":true,"showMaterialUpdate":true,"showSkybox":true,"showFlares":true,"showImageEffects":true,"showParticleSystems":true},"in2DMode":false,"pivot":{"x":5.96502685546875,"y":-5.250114440917969,"z":-39.03957748413086},"rotation":{"x":-0.0675225630402565,"y":0.8860236406326294,"z":-0.13662941753864289,"w":-0.4378761053085327},"size":48.6782341003418,"orthographic":false}