{"cameraMode":{"drawMode":0,"name":"Shaded","section":"Shading Mode"},"sceneLighting":false,"audioPlay":false,"sceneViewState":{"showFog":true,"showMaterialUpdate":true,"showSkybox":false,"showFlares":true,"showImageEffects":true,"showParticleSystems":true},"in2DMode":false,"pivot":{"x":0.06497740745544434,"y":0.02849578857421875,"z":-0.09793651103973389},"rotation":{"x":-0.21024955809116364,"y":-0.5291726589202881,"z":0.13726969063282014,"w":-0.8105108141899109},"size":5.711237907409668,"orthographic":false}