{"cameraMode":{"drawMode":0,"name":"Shaded","section":"Shading Mode"},"sceneLighting":true,"audioPlay":false,"sceneViewState":{"showFog":false,"showMaterialUpdate":false,"showSkybox":false,"showFlares":false,"showImageEffects":false,"showParticleSystems":false},"in2DMode":false,"pivot":{"x":3.1063756942749025,"y":0.5,"z":9.767599105834961},"rotation":{"x":0.05459856614470482,"y":-0.9448986649513245,"z":0.21179309487342835,"w":0.24358491599559785},"size":29.116518020629884,"orthographic":false}