{"cameraMode":{"drawMode":0,"name":"Shaded","section":"Shading Mode"},"sceneLighting":true,"audioPlay":false,"sceneViewState":{"showFog":true,"showMaterialUpdate":false,"showSkybox":false,"showFlares":true,"showImageEffects":true,"showParticleSystems":true},"in2DMode":false,"pivot":{"x":4.4746856689453129,"y":-6.449047088623047,"z":-0.09703397750854492},"rotation":{"x":-0.1865968406200409,"y":0.6893559098243713,"z":-0.19101470708847047,"w":-0.6734120845794678},"size":36.30481719970703,"orthographic":false}