{"cameraMode":{"drawMode":0,"name":"Shaded","section":"Shading Mode"},"sceneLighting":true,"audioPlay":false,"sceneViewState":{"showFog":false,"showMaterialUpdate":false,"showSkybox":false,"showFlares":false,"showImageEffects":false,"showParticleSystems":false},"in2DMode":false,"pivot":{"x":-29.487674713134767,"y":-16.554218292236329,"z":-33.26160430908203},"rotation":{"x":-0.10051631182432175,"y":0.8950795531272888,"z":-0.2567151188850403,"w":-0.35046663880348208},"size":52.042781829833987,"orthographic":false}